year,pop
2008,380499
2009,382906
2010,385468
2011,390082
2012,394012
2013,398575
2014,404783
2015,410404
2016,415682
2017,423310
2018,428737
2019,434008
2020,434736
2021,443219.3832121912
2022,448814.51099837694
2023,457249.09065437876
2024,465751.19121587183
2025,475958.0947349137
2026,481760.7147246658
2027,483181.0731465888
2028,486430.9826282017
2029,489291.3174451862
2030,491658.3355286382
2031,493898.87482485134
2032,496106.1400480123
2033,498220.8022834494
2034,500270.5193004621
2035,502242.9665040259
2036,504141.2652168332
2037,505968.20369427884
2038,507727.8285954831
2039,509438.8539417443
2040,511085.8950798179
2041,512671.517838001
2042,514198.158638427
2043,515719.13960557117
2044,517263.49869751546
2045,518762.3444310717
2046,520206.1680225256
2047,521633.3555732767
2048,523050.4521664023
2049,524472.9934755405
2050,525847.8530427956
